Company,Sector,Stage,Amount,Location,About,Funding Year
Thecollegefever,Brand Marketing,Seed,250000.0,Bengaluru,TheCollegeFever is a hub for fun fiesta and frolic of Colleges,2018
Happy Cow Dairy,Agriculture,Seed,584000.0,Mumbai,A startup which aggregates milk from dairy farmers in rural Maharashtra,2018
Myloancare,Credit,Series A,949000.0,Gurugram,Leading Online Loans Marketplace in India,2018
Payme India,Financial Services,Angel,2000000.0,Noida,PayMe India is an innovative FinTech organization which offers short term financial suport to corporate employees,2018
Eunimart,E-Commerce Platforms,Seed,1300000.0,Hyderabad,Eunimart is a one stop solution for merchants to create a difference by selling globally,2018
Hasura,Cloud Infrastructure,Seed,1600000.0,Bengaluru,Hasura is a platform that allows developers to build deploy and host cloudnative applications quickly,2018
Tripshelf,Internet,Seed,233600.0,Kalkaji,Tripshelf is an online market place for holiday packages,2018
Hyperdata.Io,Market Research,Angel,730000.0,Hyderabad,Hyperdata combines advanced machine learning with human intelligence,2018
Freightwalla,Information Services,Seed,1300000.0,Mumbai,Freightwalla is an international forwarder thats helps you manage supply chain by providing online tools including instant quotations,2018
Microchip Payments,Mobile Payments,Seed,1300000.0,Bengaluru,Microchip payments is a mobilebased payment application and pointofsale device,2018
Bizcrum Infotech Pvt. Ltd.,B2B,Seed,1300000.0,New Delhi,Building Transactionary B2B Marketplaces,2018
Emojifi,Internet,Seed,1300000.0,Bengaluru,Emojifi is an app that provides live emoji stickers  GIFs suggestions based on the typed words across chat platforms,2018
Flock,Apps,Seed,1300000.0,India,Flock is a realtime messaging and collaboration app for teams that speeds up and simplifies communication and boosts productivity,2018
Freshboxx,Food Delivery,Seed,1300000.0,Hubli,Freshboxx is incubated at Sandbox Startups a unit of the Deshpande Foundation,2018
Wide Mobility Mechatronics,Industrial Automation,Seed,1300000.0,Bengaluru,Wide Mobility Mechatronics is a Private Company limited by Shares,2018
Pitstop,Automotive,Seed,1460000.0,Bengaluru,Pitstop offers general repair and maintenance services for cars through its doorstep service vehicles,2018
Mihuru,Finance,Seed,150000.0,Mumbai,Mihuru is an online platform which gives micro loans for air travel ,2018
Fyle,Accounting,Seed,1100000.0,Bengaluru,Fyle is an intelligent expense management platform for enterprises,2018
Appwharf,Artificial Intelligence,Seed,1300000.0,New Delhi,Appwharf is an intelligent assistant that helps find you the bestfit SaaS for your business,2018
Antariksh Waste Ventures Pvt Ltd,Internet Of Things,Seed,7300.0,Chennai,Waste Management for Smart Cities,2018
Cogoport,Air Transportation,Series A,6000000.0,Mumbai,Cogoport is a platform that provides freight buying industry with spot rates and bidding process for freight buyers,2018
Paisadukan,Financial Services,Seed,650000.0,Mumbai,A P2P lending marketplace platform,2018
Sleepy Owl Coffee,Food And Beverage,Seed,511000.0,New Delhi,Makers of a signature coffee thats exceptional in taste Its super easy to brew requires no equipment  ships to your door,2018
Bluejack,Autonomous Vehicles,Seed,934400.0,New Delhi,Delhibased online used vehicles marketplace,2018
Pregbuddy,Enterprise Software,Seed,1300000.0,Bengaluru,PregBuddy is a smart connected care platform for expecting mothers,2018
Agnext Technologies,Agriculture,Series A,1300000.0,Mohali,AgNext is an agricultural sensing and solutions company focused on building datadriven solutions for agricultural stakeholders,2018
Pando,Logistics,Seed,2000000.0,Chennai,A startup which digitizes logistics operations for Fortune 500 companies,2018
Mintifi,Financial Services,Seed,2000000.0,Mumbai,Online lending startup based in Mumbai,2018
Carcrew,Automotive,Seed,2000000.0,Mumbai,Indias Online Auto Repair Marketplace,2018
Nicheai,Artificial Intelligence,Angel,1300000.0,Hyderabad,Early stage Artificial Intelligence AI start up,2018
Chariot Tech,Internet Of Things,Seed,292000.0,New Delhi,Chariot Tech is an Internet of Things IoT startup based in New Delhi,2018
Ideal Insurance Brokers/ 121Policy.Com,Insurance,Seed,1000000.0,Kolkata,Ideal Insurance Broking is one of the leaders in insurance broking domain,2018
Loanzen,Financial Services,Seed,1300000.0,Bengaluru,Loanzen helps small businesses get unsecured working capital loans against their their pending invoices,2018
Mojro Technologies,Information Technology,Seed,650000.0,Bengaluru,Mojro envisions to be the worlds largest technologyenabled logistics platform,2018
Elemential,Blockchain,Seed,1000000.0,Mumbai,Blockchain Development Platform To Design Run  Scale Blockchain Networks,2018
Loadshare,Industrial Automation,Series A,5000000.0,Bengaluru,LoadShare is Indias fastest growing logistics company,2018
Yumlane,Food And Beverage,Series A,4000000.0,Mumbai,Food startup Yumlane operated by QwikPik Technology,2018
Kriger Campus,Education,Seed,438000.0,New Delhi,A Education Start Up,2018
Pipa+Bella,E-Commerce,Series A,1000000.0,Mumbai,PipaBella is an online store aimed at selling fashionable and affordable costume jewelry at par with international standards and trends,2018
Kaleidofin,Financial Services,Seed,2800000.0,Chennai,A fintech platform,2018
Chakr Innovation,Renewable Energy,Seed,1300000.0,New Delhi,Chakr has developed the worlds first retrofit emission control device for diesel generators,2018
Indigolearn,E-Learning,Seed,150000.0,Hyderabad,Indias the premier education destination catering to the needs of aspiring students of the CA community,2018
Uclean,Clean Energy,Seed,584000.0,India,UClean is a tech enabled laundry service provider,2018
Coutloot,E-Commerce,Seed,1000000.0,Mumbai,The Fashion Recommerce platform,2018
Letstrack,Apps,Seed,1700000.0,New Delhi,Letstrack GPS tracking devices to track your kids bike car and other vehicles GPS trackers for Vehicle Tracking System in India,2018
Pooltoo,Transportation,Seed,1300000.0,New Delhi,Pooltoo offers a premium ride sharing platform,2018
Finzy,Financial Services,Seed,1300000.0,Bengaluru,finzy is the premier peer to peer lending solution in India,2018
Fitternity,Fitness,Seed,2000000.0,Mumbai,Indias largest online fitness platform that provides an integrated ecosystem to help users start  sustain their fitness journey,2018
Keito,Artificial Intelligence,Seed,1300000.0,Pune,Building an Intelligent Digital Assistant,2018
Tolet For Students,Hospitality,Seed,73000.0,Jodhpur,Reserve your Room Hostel or Paying Guest while relocating for higher education,2018
Chai Kings,Food And Beverage,Seed,292000.0,Chennai,Chai Kings is a tea retail chain,2018
Dainik Jagran,Media And Entertainment,Seed,584000.0,Kanpur,Dainik Jagran is a media and communications group,2018
Playtoome,Broadcasting,Seed,292000.0,Bengaluru,Playtoome is a live entertainment destination,2018
Ongo Framework,B2B,Angel,1000000.0,Hyderabad,ONGO Framework is a B2B IT and digital solution provider,2018
Notesgen,Edtech,Seed,182500.0,New Delhi,A Global PeertoPeer and PeertoGroup Learning Platform that helps students supplement their academic  competitive exam prep,2018
Arogya Medtech,Health Care,Seed,219000.0,Kolkata,Arogya MedTech is a Research  Development organization in BioMedical industry,2018
Propshop24,E-Commerce,Seed,500000.0,Mumbai,Propshop24 a onestop shop for a handpicked selection of funtastic products from around the world,2018
Myupchar,Health Care,Series A,5000000.0,New Delhi,To bring health issues to people in their language,2018
Missmalini Entertainment,Media,Seed,1518400.0,Mumbai,MissMalini Entertainment is a multiplatform new media network dedicated to Entertaining Connecting  Empowering young Indians,2018
Rooter,Sports,Seed,657000.0,India,Rooter is a mobilebased platform,2018
Zestmoney,Big Data,Series A,13400000.0,Bengaluru,Zest is Indias first completely automated consumer digital lending platform,2018
Alphaics Corporation,Cloud Computing,Seed,1300000.0,Bengaluru,Advancing AI compute,2018
Mydentistchoice,Health Care,Seed,500000.0,Hyderabad,MyDentistChoice is a direct sales and distribution of dental equipment and accessories from top name manufacturers,2018
Sattviko,Food Processing,Angel,1300000.0,New Delhi,Sattviko fosters wellness and shares Indianness through the Sattvik way of cooking that is wholesome and tasty,2018
Sensibull,Trading Platform,Seed,365000.0,Bengaluru,Investment Management Platform,2018
Bombay Shaving Company,Consumer Goods,Series A,1300000.0,New Delhi,Bombay Shaving Company is a Mens grooming startup,2018
Medcords,Wellness,Seed,385440.0,Pune,Medcords is Indias first holistic healthcare ecosystem on a cloud platform that makes health management easier,2018
University Living,Education,Seed,1300000.0,New Delhi,University Living is an online global student housing marketplace,2018
&Me,Food And Beverage,Seed,1300000.0,Bengaluru,Food and Beverage startup focussing on developing products using ayurveda with modern science for women empowerment and fitness,2018
Enakshi,Fashion,Seed,116800.0,Ahmedabad,Enakshi is an online apparel brand for women,2018
Ultraviolette Automotive,Automotive,Series A,876.0,Bengaluru,Ultraviolette is a startup working on electric twowheelers and energy infrastructure,2018
Inthree Access,Consulting,Series A,4000000.0,Chennai,Inthree Access is an impact venture that connects the most inaccessible rural markets with products that can transform lives in Rural India,2018
Bugworks Research India,Biotechnology,Series A,9000000.0,Bengaluru,BUGWORKS is a drug discovery company,2018
Guardian.In,Health Care,Seed,1300000.0,Mumbai,GNC is a leading global specialty retailer of health and wellness products that takes pride to be the worlds largest company,2018
Prestloans,Credit,Seed,100000.0,New Delhi,PrestLoans New age tech driven RBI regd NBFC helping businesses by providing easy quick n hassle free loans,2018
Wimoxez,Internet,Seed,20000.0,Hyderabad,Data Intelligence Publishing Platform We bring the best resources to learn valuable technologies which will shape tomorrow,2018
India Accelerator,Communities,Angel,1300000.0,Gurugram,India Accelerator runs mentorshipdriven incubation and acceleration programs for start ups,2018
Happyemi,Consumer,Seed,1000000.0,Bengaluru,HappyEMI is a point of sale digital lending platform that helps consumers finance their purchases instore and online,2018
Wishup,Consumer Applications,Seed,1300000.0,Azadpur,Premium Personal Assistance service,2018
Hansel.Io,Mobile,Series A,4000000.0,Bengaluru,Hansel a mobile app management platform provides the infrastructure that companies need in order to personalize product experiences,2018
Propelld,Education,Seed,250000.0,Bengaluru,Propelld is a student education financing platform,2018
Pivotroots,Advertising,Series A,1300000.0,Mumbai,Digital Marketing powered by Data  Technology fueled by Design thinking,2018
Ziffyhomes,Marketplace,Seed,120000.0,New Delhi,ZiffyHomes is a technology driven marketplace to find out home on rent,2018
Carmesi,Health Care,Seed,496400.0,Gurugram,Carmesi is a brand of highend menstrualhygiene products in India,2018
Ockypocky,E-Learning,Angel,1300000.0,Haryana,OckyPocky is a interactive and personalised language learning app for preschool kids,2018
Racetrack,Artificial Intelligence,Seed,4993200.0,Bengaluru,Racetrack is a sales and supportfocused AIdriven platform designed for education real estate and ecommerce sectors,2018
Whr,Health Care,Seed,143145.0,Pune,WHR is to make affordable healthcare a reality for all Our vision is to make healthcare services easier better and more accessible,2018
Asteria Aerospace,Aerospace,Seed,1300000.0,Bengaluru,Asteria Aerospace is a robotics and artificial intelligence company,2018
Faballey,E-Commerce,Series B,8760000.0,Noida,FabAlley is the ultimate Indian fashion destination for fashionforward indiechic girls Founded in 2012 Tanvi Malik and Shivani Poddar,2018
Tranzmeo,Artificial Intelligence,Pre-Seed,1300000.0,Cochin,Tranzmeo Connect  is A Complete Comprehensive Anomaly forensic Solution with Actionable Insights,2018
Sbi Life,Insurance,Private Equity,742000000.0,Mumbai,SBI Life is one of the life insurance company that offers a range of life insurance plans and policies to protect you and your family,2018
Studds Accessories,E-Commerce,Private Equity,14600000.0,Faridabad,Studds Accessories is a scooter accessories service provider in India,2018
Design Cafe,Home Decor,Series B,29200000.0,Bengaluru,Design  Execution Organization that delivers beautiful  innovative designs for Home Interiors in any budget,2018
Nopaperforms Solutions Pvt. Ltd.,Edtech,Series B,3980000.0,New Delhi,NoPaperForms is a marketing automation lead nurture and enrolment management platform for educational institutions,2018
Rays Power Infra,Energy,Seed,29200000.0,Jaipur,Rays Power Infra is a leading integrated Solar Power Company,2018
Authmetrik,B2B,Grant,10000.0,Gurugram,SaaS B2B Security Stop account sharing Fraud Detection,2018
Khidki,Artificial Intelligence,Seed,1300000.0,Bengaluru,Vernacular Social Network Focused on Town Level Content and Interactions,2018
Letstransport,Logistics,Series B,14600000.0,Bengaluru,Lets transport is a logistics solution provider,2018
Next Digital Solutions,Digital Marketing,Angel,1460.0,Kota,Next Digital Solutions is website design  Digital Marketing development company,2018
Portea Medical,Health Care,Debt Financing,3650000.0,Bengaluru,Portea Medical is the largest and fastest growing provider of inhome medical care in India today with a 24city network,2018
Aavas Financiers,Finance,Post-IPO Debt,29200000.0,Jaipur,Aavas Financiers is engaged in the business of providing housing loans primarily in the unserved unreached and underserved market,2018
Swiggy,Food Delivery,Series H,1000000000.0,Bengaluru,Swiggy is a food ordering and delivery company that provides food service solutions for restaurants,2018
Milkbasket,E-Commerce,Series A,7000000.0,Haryana,Milkbasket delivers milk bread eggs butter juices and other daily need items every morning right at your doorstep free of charge,2018
Nutrisattva (Proliva),Fitness,Angel,1300000.0,Anand,Nutrisattva is a protein innovation compan,2018
Toppr,Edtech,Series C,35000000.0,Mumbai,Topprcom is an online preparation platform for entrance exams in India,2018
Jagaran Microfin,Financial Services,Debt Financing,8030000.0,Kolkata,Jagaran Microfin is a Microfinance institution which achieves a healthy amalgamation of social and financial,2018
Vivriti Capital,Financial Services,Seed,28500000.0,Chennai,Vivriti Capital is an online platform for institutional debt in India,2018
Be U Salons,Apps,Seed,438000.0,New Delhi,Be U is Indias first subscription based Salon Chain,2018
Impact Guru,Creative Agency,Series A,2000000.0,Mumbai,Were a Harvard incubated crowdfunding platform for nonprofits social enterprises startups and individuals,2018
Mobikwik,Consumer Lending,Series E,3504000.0,Gurugram,MobiKwik is a payments backed fintech platform in India MobiKwik App offers instant loans  investment products to the 500M masses of India,2018
Stones2Milestones,E-Learning,Seed,1300000.0,Gurugram,Stones2milestones is a Gurgaon Based Learning Company,2018
Generico,Health Care,Series A,1300000.0,Mumbai,Generico is the fastest growing specialized pharmacy retail chain of Generic medicines,2018
Adiuvo Diagnostics,Health Diagnostics,Seed,1300000.0,Chennai,Adiuvo Diagnostics is a medical diagnostic device company based in India,2018
Datatrained,Edtech,Seed,1752000.0,Bengaluru,DataTrained is a educational platform which operates an edtech startup on data science,2018
Oneassist,Financial Services,Debt Financing,2400000.0,Mumbai,OneAssist is a protection  assistance services platform,2018
Satin Creditcare Network Limited (Scnl),Banking,Post-IPO Debt,30000000.0,New Delhi,Satin is a nonbanking finance company providing individual loans to urban shopkeepers,2018
Apac Financial Services,Finance,Private Equity,36500000.0,Mumbai,APAC Financial Services is a financial services platform,2018
Moglix,B2B,Series C,23000000.0,Noida,Moglix is a supplier of industrial tools like hand tools power tools electrical and safety equipment,2018
Sedemac Mechatronics,Automotive,Seed,1300000.0,Mumbai,SEDEMAC Mechatronics is technology company that distributes controlintensive products for automobiles,2018
Madguy Labs,E-Learning,Seed,150000.0,Hyderabad,MadGuy Labs is a Online Testprep Platform,2018
Dee Dee Labs,Embedded Systems,Seed,1300000.0,Pune,Dee Dee Labs is design and development lab with a primary focus on the development of next generation of bionic prostheses,2018
Fleeca,Automotive,Seed,1300000.0,Jaipur,FLEECA is a Tyre Care Provider company,2018
Shop101,Apps,Series B,11000000.0,Mumbai,1 Online Selling App Indias leading social commerce platform Setup free online store in 2 min Sell own goods or resell Shop101 Supply,2018
Feedmypockets,Advertising,Seed,642400.0,Bengaluru,On Demand Staffing Platform,2018
Housejoy,Beauty,Series B,3240000.0,Bengaluru,Housejoy is a webbased platform that allows individuals to browse and book service providers for their homes,2018
Ambee,Health Care,Angel,1300000.0,Bengaluru,Ambee is an Environment analytics startup,2018
Foodbuddy,Food Delivery,Seed,876000.0,Belgaum,FoodBuddy is a online food delivery portal providing boundary breaking delivery,2018
Ninjacart,Agtech,Series B,36500000.0,Bengaluru,Ninjacart is a B2B agrimarketing platform that connects vegetables and fruits farmers directly with businesses,2018
Olly Smart Credit Card,Credit Cards,Seed,1300000.0,New Delhi,Olly is a digital credit card for Indias working masses and young people,2018
Zestl,Software,Seed,1300000.0,Pune,NoCode Workflow Automation Build enterprise applications in days with AI Cognitive Automation Collaboration and more built in,2018
Byju’S,Edtech,Private Equity,540000000.0,Bengaluru,BYJUs is an edtech company that is reinventing how students learn through its learning app,2018
Wakefit,Manufacturing,Seed,9490000.0,Bengaluru,Wakefitkart is a mattress manufacturing company We manufacture the best quality mattresses at affordable prices,2018
Hero Electric,Manufacturing,Seed,23360000.0,New Delhi,Hero Electric a 100 subsidiary of the Hero Group is a pioneer in the Indian Electric Vehicle Industry,2018
Pentation Analytics,Information Services,Seed,1300000.0,Mumbai,Pentation as an Insurtech enables insurers and intermediaries with our Insurance Analytics Suite an Insurance specific AIML Software Suite,2018
Perkfinance,Consumer Lending,Seed,900000.0,Bengaluru,PerkFinance partners with employers to provide affordable loans to their employees at no cost to the company,2018
Roposo,Internet,Series C,10000000.0,Gurugram,Roposo  TV by the People is a unique social media platform where people express visually with homemade videos and photos,2018
Plum Goodness,Beauty,Series A,1300000.0,Thane,Plum Haircare Is SiliconeFree  SulphateFree Designed For Damaged  DandruffFree Hair,2018
Drstore,Hospital,Seed,1300000.0,Mumbai,Drstore is a exclusive e commerce platform,2018
Wow Venue,Events,Seed,1500000.0,Mumbai,Wow Venue is an online platform,2018
Chizel,3D Printing,Seed,1300000.0,Pune,Chizel is a worlds most advanced cloud platform for ondemand manufacturing in 3D Printing and CNC Machining,2018
Oto Capital,Automotive,Seed,730000.0,Mumbai,OTO Capital is a platform that allows you to own a car faster than ever,2018
Boodmo,Automotive,Seed,1022000.0,Gurugram,boodmocom  large online marketplace for auto parts in India,2018
Khabri,Apps,Seed,1300000.0,Haryana,Khabri is a digital audio platform for content in vernacular,2018
Mynewcar.In,Automotive,Seed,1000000.0,Gurugram,MyNewCarin offers new cars at best price with great deals Book a new car online or request a doorstep test drive,2018
Halaplay Technologies,Digital Entertainment,Series A,5000000.0,Bengaluru,A daily fantasy sports platform,2018
Planetspark,E-Learning,Seed,233600.0,Gurugram,PlanetSpark is an afterschool Maths and English learning program for pre teen kids between Grades 2nd to 7th,2018
Wheelsemi,Financial Services,Series B,14000000.0,Pune,WheelsEMI is the brand name of NBFC WheelsEMI Pvt Ltd,2018
Forum For Innovation Incubation Research And Entrepreneurship,Funding Platform,Grant,1496500.0,Margão,FiiRE a technology business incubator helps the startup process to move from the garage to the lab,2018
Oyo,Hospitality,Series E,100000000.0,Gurugram,OYO is an Indian hospitality startup that operates a network of budget hotels,2018
Quikr,Classifieds,Debt Financing,8030000.0,Bengaluru,Quikr is a free classifieds and online marketplace that helps users sell buy rent or discover anything across India,2018
Tabono,Sports,Seed,1300000.0,Gurugram,Tabono is a one stop environment for all your fitness solution,2018
Learnapp,Banking,Seed,292000.0,Noida,Learnappco  Video courses  live classes in investing trading banking and finance,2018
Shopkirana,E-Commerce,Seed,2000000.0,Indore,Shopkirana connects brands and traditional retailers with the help of technology and supply chain innovation,2018
Fric Bergen,Food,Seed,1300000.0,Alwar,Fric Bergen is a leader in the specialty food industry,2018
Articbot,Artificial Intelligence,Grant,17520.0,Kannur,Articbot is a conversational AI platform for automated customer support and lead generation,2018
Buildsupply,Enterprise Resource Planning (Erp),Series A,3650000.0,Gurugram,Indias most advanced ERP system for the real estate,2018
Fusion Microfinance,Banking,Series E,75920000.0,New Delhi,Fusion Microfinance Pvt Ltd is an NBFC registered with RBI,2018
Any Time Doctor,Software,Angel,1300000.0,Chennai,Anytime Doctor is a Software company,2018
Go Payments,Information Services,Corporate Round,1300000.0,Mumbai,Go Payments was founded with the mission of assisting consumers with performing a whole host of financial services at their doorstep,2018
Guiddoo World,Audio,Seed,800000.0,Mumbai,We build InDestination Experiences,2018
Ion Energy,Energy,Seed,1041000.0,Mumbai,A stealth startup building a layer of infrastructure for highly efficient energy storage systems,2018
Unotag,Artificial Intelligence,Pre-Seed,100000.0,Bengaluru,SaaS to verify counterfeit,2018
Civilcops,Government,Pre-Seed,100000.0,Gurugram,GovTech,2018
Rockmetric,Information Technology,Grant,1300000.0,Mumbai,Smarter analytics to understand how each customer uses your product Drive growth in conversion retention and engagement,2018
Classworks India,Education,Seed,1460.0,Chennai,Saas Web App Mobile App School Education,2018
Snapmint,Consumer Lending,Seed,1300000.0,Mumbai,Snapmint facilitates simplified fairlypriced and hasslefree EMI options without a Credit Card,2018
Artbandhu,Digital Media,Pre-Seed,15000.0,Bengaluru,Ai platform for Art and Creative Community,2018
Survaider,Business Intelligence,Seed,500000.0,Bengaluru,Stethoscope for customer feedback ,2018
Credy,Credit,Seed,1400000.0,Bengaluru,Credy is a fintech platform that connects borrowers seeking capital with lenders seeking market beating returns,2018
Ichamp,E-Learning,Seed,5000000.0,Gurugram,iChamp is an e education innovation product from RNM EServices Pvt Ltd,2018
Qandle,Software,Seed,1200000.0,Gurugram,A cloudbased HR management and employee engagement platform,2018
Avishkaar Box,Children,Seed,730000.0,New Delhi,Avishkaar Box is just not another box full of material rather it is a well researched thought through solution,2018
Gegadyne Energy,Automotive,Angel,1300000.0,Mumbai,A Mumbaibased startup Electric Vehicle EV  Energy Storage company,2018
Hyperxchange,E-Commerce,Series A,1000000.0,Pune,hyperXchange is Indias fastest growing O2O marketplace for premium refurb gadgets,2018
Deftouch,Gaming,Seed,1300000.0,Bengaluru,Deftouch is a mobile game development company that currently focuses on winning the Cricket gaming market with a social multiplayer game,2018
Doodhwala,Food Delivery,Seed,2200000.0,Bengaluru,Doodhwala is an online milk delivery startup that offers over 70 varieties of milk along with a plan based on clients requirement,2018
Dronahq,Mobile,Angel,500000.0,Mumbai,DronaHQ is an enterprise mobile engagement platform,2018
Fastfox,Rental,Series A,1460000.0,Gurugram,FastFox Market Network for Home Rentals India,2018
Buyforexonline,Travel,Seed,2000000.0,Bengaluru,BuyForexOnlinecom is Indias first completely online provider for buying Foreign Exchange,2018
Colive.In,Consumer,Seed,1800000.0,Bengaluru,A technology powered network of Branded Serviced Homes conveniently located near educational institutions  workplaces,2018
Agricxlab Private Limited,B2B,Seed,500000.0,Thane,Online marketplace where farmers and traders can sell their produce to B2B buyers,2018
Corefactors,Technology,Seed,1300000.0,Bengaluru,Corefactors is a leading campaign management business communication and analytics company,2018
Fincash.Com,Wealth Management,Seed,150000.0,Mumbai,A startup in the personal finance space in India ,2018
Pandorum Technologies,Biotechnology,Series A,3600000.0,Bengaluru,Bengaluru based biotech startup,2018
Shirsa Labs,Education,Seed,500000.0,Mumbai,Shirsa Labs is a cognitive skill assessment and training portal that provides children with fun educational games,2018
Petsutra,Veterinary,Seed,138700.0,Gurugram,Gurugrambased Online petcare platform,2018
Awaaz De,Internet,Angel,1300000.0,Ahmedabad,AwwazDe develops inclusive mobile solutions that enable organizations to achieve lastmile connectivity for social impact,2018
Pinkblue,Health Care,Seed,300000.0,Bengaluru,PinkBluein  Superefficient supplychain for clinical supplies,2018
Eduvanz,Finance,Angel,500000.0,Mumbai,Eduvanz is new innovative finance company which is completely revolutionizing the student loan market,2018
Rupeek,Financial Services,Series A,6830000.0,Bengaluru,Rupeek is an asset backed online lending platform currently operating in the space of Gold loans,2018
Backpacker Panda Holidays Private Limited,Tourism,Series A,1400000.0,Pune,Backpacker Panda is creating an ecosystem for youth accommodation and travel,2018
Shape (School Health And Physical Education),Education,Seed,200000.0,Pune,Physical education start up,2018
Placio,Hospitality,Seed,2000000.0,Noida,Placio is a student housing and a complete brokerfree platform,2018
Aviom India Housing Finance,Finance,Series A,2190000.0,New Delhi,Delhi based housing finance company,2018
Genrobotic,Market Research,Seed,1300000.0,Trivandrum,A Robotic Company,2018
Heyholidays,Tourism,Seed,1000000.0,Bengaluru,HeyHolidays a global player in online vacation rentals,2018
Pratilipi,Digital Media,Series A,4300000.0,Bengaluru,Amazons Kindle Direct Publishing for Indian Languages,2018
Sectorqube,Consumer Electronics,Seed,1300000.0,Ernakulam,SectorQube develops smart kitchen devices that make food automatically,2018
Food Memories,Food And Beverage,Seed,1300000.0,Ahmedabad,Iconic Indian Delicacies from the most renowned vendors of India Delivered Globally,2018
Zamroo,Internet,Seed,1300000.0,India,Zamroo is a growing mobile marketplace that allows users to buy and sell locally,2018
Silversparro Technologies Pvt. Ltd,Analytics,Seed,300000.0,Gurugram,Silversparro is a deep learning technology solution provider,2018
Creator’S Gurukul,Facilities Support Services,Angel,1300000.0,Gurugram,A coworking space provider,2018
Emflux Motors,Automotive,Seed,364846.0,Bengaluru,Emflux Motors is committed to bring clean and sustainable energy into a state of universal acceptance through technological innovation,2018
Tricog Health Services Pvt Ltd,Health Care,Series A,4000000.0,Bengaluru,Predictive Healthcare Analytics Company,2018
Scapic,Cloud Computing,Seed,500000.0,Bengaluru,VirtualAugmented Reality Start Up ,2018
6Degree,Fashion,Seed,400000.0,Mumbai,A fashion enterprise that provides a launchpad to fashion talent and brands using a tech enabled platform,2018
Chrysalis (Ez Vidya),Education,Seed,1300000.0,Chennai,Chrysalis EZ Vidya is Indias leading educational research and innovation organization,2018
Ekincare,Medical,Series A,1500000.0,Hyderabad,EKincare empowers you to take charge of your health by enabling you to monitor critical medical info and make it available anywhere,2018
Streo,Music Streaming,Seed,1300000.0,Gurugram,Live stream music from nightclubs bars  festivals,2018
Groww,Finance,Seed,120000.0,Kormangala,Groww offers a new way of investing money,2018
Cell Propulsion,Automotive,Seed,102200.0,Bengaluru,Cell Propulsion is an electric mobility startup that designs autonomous electric vehicles,2018
Chezuba,Internet,Angel,20440.0,Hyderabad,Chezuba is a webbased platform enabling skilled professionals to volunteer online with Nonprofits worldwide,2018
Ontrack Technologies Pvt. Ltd,Retail,Seed,1300000.0,Bengaluru,Ontrack provides affordable independent transport to those dependent on cabs and autos for commute by renting bikes on a monthly basis,2018
Wealthtrust,Finance,Seed,500000.0,Mumbai,Wealthtrust offers a wealth manager application that enables its users to invest and manage their investments online,2018
Faclon Labs,Cloud Computing,Seed,1300000.0,Mumbai,Faclon is an IoT and data analytics based tech startup building products to make cities and villages smart,2018
Awign Enterprises,Business Development,Seed,730000.0,Bengaluru,Operations and manpower outsourcing startup,2018
Collpoll,Education,Seed,1300000.0,Bengaluru,Worldclass Enterprise System for Education,2018
Zyla Health,Health Care,Seed,1300000.0,New Delhi,Zyla is transforming the way healthcare is delivered in India with specific focus on highrisk chronic patients,2018
Hubhopper,Internet,Series A,500000.0,New Delhi,Get your daily dose of interest as summaries from news and magazine stories ,2018
Rubix108 Technologies,Information Technology,Seed,1000000.0,Pune,Rubix Total App makes it effortless for Institutes to send home important information and updates about the days learning experiences,2018
Workflexi,Human Resources,Seed,146000.0,Bengaluru,Be Smart Work on ContractBe Smart Hire on Contract,2018
Streak,Financial Services,Seed,328500.0,Bengaluru,Algorithmic trading platform,2018
Kuants,Financial Services,Seed,73000.0,Gurugram,Algorithmic trading platform,2018
Niyo Solutions,Finance,Series A,13200000.0,Bengaluru,NiYO is a fintech company that helps salaried employees access company benefits and other financial services,2018
Hippo Video,Customer Service,Seed,1300000.0,Chennai,A video recording and sharing software,2018
Satvacart,E-Commerce,Seed,1300000.0,Gurugram,Satvacart is a Gurgaons largest online supermarket,2018
Daaki,Health Care,Angel,1300000.0,Bengaluru,Sports Nutrition startup,2018
Simulanis,Training,Seed,500000.0,New Delhi,A Delhibased Augmented Reality and Virtual Reality technology development company,2018
My Chiraag Cab,Travel,Seed,1000000.0,Jaipur,MY CHIRAAG CAB SERVICES PVT LTD,2018
Wotu,Food And Beverage,Seed,1300000.0,Bengaluru,It operates a businesstobusiness ecommerce portal for food and beverages,2018
Flathalt,Real Estate,Angel,50000.0,Gurugram,FInd your Customized Home here,2018
True Elements,Dietary Supplements,Seed,730000.0,Pune,True elements offers a range of highquality snacks and supplements that are inspired by natural foods consumed by our ancestors,2018
Trendlyne Technologies,Financial Services,Seed,200000.0,Bengaluru,Trendlyne Technologies is a stock market analytics platform and marketplace for retail investors,2018
Planys Technologies,Manufacturing,Series A,2046920.0,Chennai,Planys Technologies is Indias first and only manufacturer of compact ROVs providing underwater robotic inspection and survey solutions,2018
Healthplix,Fitness,Series A,3000000.0,Bengaluru,HealthPlix is a healthtech startup,2018
Dish,Food,Seed,400000.0,Bengaluru,dishq leverages food science and machine learning AI to understand and predict peoples tastes,2018
Entropik Technology,Artificial Intelligence,Seed,1100000.0,Bengaluru,The boundaries between Human and Machines are shrinking fast,2018
Myhq,Collaboration,Series A,500000.0,New Delhi,myHQ turns your everyday coffee space into a perfect work zone Get an amazing work environment without paying any rent,2018
Trell,Travel,Seed,1250000.0,Bengaluru,Trell is a location based network which helps you in exploring amazing experiences and annotating places around you,2018
Kidovators (By Gyanlab),Big Data,Seed,180000.0,Bengaluru,Building future human capital through 21st Century Skills programs for K12,2018
Log 9 Materials,Nanotechnology,Seed,438000.0,Uttar Pradesh,Log 9 Materials is a nanomaterials manufacturing and RnD startup,2018
Vtion,Analytics,Seed,280320.0,Gurugram,VTION is a media technology innovation firm aiming to solve key problems in the media based ecosystem,2018
Housingman,Real Estate,Seed,1503800.0,Bengaluru,New Apartments Flats for Sale in Bangalore,2018
Steradian Semiconductors,Technology,Seed,1300000.0,Bengaluru,It is a fabless semiconductor company focused on CMOS millimeter wave products for Radar,2018
Rupeecircle,Financial Services,Seed,584000.0,Mumbai,RupeeCircle is a new age finance company,2018
Wooden Street,E-Commerce,Series A,1000000.0,Jaipur,Woodenstreetcom ensures to fulfill customers unique furniture requirements by crafting oneofakind furniture pieces,2018
The Ken,Digital Media,Series A,1500000.0,Bengaluru,The Ken is Indias first subscriptionsonly business news site,2018
Saffronstays,Travel,Seed,2000000.0,Mumbai,SaffronStays connects travellers to Indias Incredible hosts,2018
Vebbler,File Sharing,Seed,1300000.0,Bengaluru,A personal network for close people,2018
Foyr,Home Decor,Series A,4200000.0,Pune,Foyrcom is Indias first online automated interior designer,2018
Mengage,Health Care,Seed,175000.0,Jaipur,MEngage is a mass consumer engagement application for doctors on both android and IOS platforms,2018
Inner Being Wellness,Beauty,Angel,511000.0,Hyderabad,Inner Being Wellness manufactures beauty wellness and nutrition products,2018
Kobster,E-Commerce,Seed,1300000.0,Chennai,Kobster is a pioneer of B2B eProcurement and an eMarketplace providing Corporates an endtoend solution for their procuretopay cycle,2018
Wishberry,Crowdfunding,Series A,1460000.0,Mumbai,Wishberry is a rewardsbased crowdfunding platform that enables users to raise funds for their creative and innovative ideas,2018
Mcxtra,Finance,Seed,1300000.0,Andheri,McXtra is a digital insurance broking startup,2018
Magic Crate,Children,Seed,1300000.0,Bengaluru,Magic Crate is a theme based stimulating fun and learning activity box for 48 year olds that is mailed to your doorstep every month,2018
Smartvizx,Software,Seed,1450000.0,Noida,It is a Virtual Reality Solutions StartUp,2018
Myseodoc,Marketing,Seed,1300000.0,New Delhi,SEO PPC Search Engine Marketing Social Media Optimization Content Marketing Brand Reputation Management,2018
Enlyft Digital Solutions,Marketing,Seed,2920.0,Pune,Digital Marketing Agency,2018
Scale Labs,Ecommerce,Seed,1000000.0,New Delhi,Scale Labs is a cross border ecommerce solutions provider that drives global trade for brands,2018
Hungerbox,B2B,Series A,4500000.0,Bengaluru,HungerBox is a full stack B2B FB technology company delivering food solutions for the corporates in India,2018
Biryani By Kilo,Catering,Seed,1000000.0,Noida,BBK delivers both authentic taste of Hyderabadi and Lucknowi Biryani prepared in individual earthen Handis with the freshest ingredients,2018
Wholesome Habits (Eat Anytime),Food And Beverage,Seed,500000.0,Mumbai,Wholesome Habits EAT Anytime is a healthy snacks Company,2018
Gobumpr,Automotive,Seed,600000.0,Mylapore,Car Service and Bike Service Mobile App,2018
Fixpocket,Computer,Seed,250000.0,Ahmedabad,Fixpocket is a internetbased startup,2018
Edureka!,Android,Series A,2000000.0,Bengaluru,Edureka is the fastest growing online learning platform that offers live instructorled courses for professionals from various industries,2018
Hashtag Loyalty Private Limited,Analytics,Seed,1300000.0,Mumbai,Hashtag Loyalty is a customer engagement and marketing automation tool for local businesses,2018
Wow Express,Delivery,Series A,4500000.0,Mumbai,WOW as customers react to his studiously taught trained polite and courteous nature,2018
Zunroof,Environmental Consulting,Angel,242360.0,Gurugram,ZunRoof is a rooftop focused solar startup,2018
Eggoz,Food And Beverage,Angel,175200.0,Indore,Eggoz is a fullstack layer poultry business operator  service provider ,2018
Sqrrl Fintech,Big Data,Seed,1000000.0,Gurugram,Personal Finance,2018
Galaxycard,Finance,Seed,1300000.0,Noida,GalaxyCard is a mobile based Instant credit card,2018
Indiqube,Commercial Real Estate,Series A,15000000.0,Bengaluru,IndiQube is a provider of coworking spaces based in Bengaluru,2018
Egk Foods,Food And Beverage,Seed,292000.0,Mumbai,A food processing enterprise registered with StartUp India ,2018
Nirogstreet,Apps,Seed,300000.0,Gurugram,NirogStreet is an Ayurvedic doctor discovery and appointment booking platform where patients can easily find doctors and fix consultation,2018
Pixr8,Digital Media,Seed,50000.0,Ghaziabad,Pixr8 is a global media platform dedicated to Startups and business organisations for promoting entrepreneurship work,2018
Nivesh.Com,Finance,Seed,438000.0,Noida,Niveshcom is a mass market mutual funds investment platform,2018
Theranosis Life Sciences,Biotechnology,Seed,1300000.0,Hyderabad,A fully functioning cell culture facility and molecular biology setup,2018
Poshmiles Online Solutions Private Limited,Travel,Seed,1300000.0,Bengaluru,Poshmiles aims to help point travellers to long weekend trips at popular and undiscovered destinations based on budget  interest,2018
Reculta,Education,Seed,1300000.0,Noida,A campus recruitment solution provider,2018
Orbo.Ai,Internet,Seed,1300000.0,Mumbai,Orbo is a computer vision and deep facial technology company,2018
Inntot Technologies,Consumer Electronics,Seed,1300000.0,Kochi,Inntot Technologies is a technology driven company,2018
Zoctr Health,Apps,Seed,1300000.0,Powai,Zoctr Health Network is a firstofits kind panIndia Home  Telehealth Company,2018
Hey Deedee,Delivery Service,Seed,481800.0,Mumbai,Hey Deedee is a Mumbaibased company that provides solutions to parcel delivery problems,2018
Digiconnectt Technologys,Information Services,Seed,125000.0,Bengaluru,A technology company focused on introducing products that will accelerate and enhance sales productivity and effectiveness ,2018
Locus.Sh,Big Data,Series A,4000000.0,Bengaluru,Locus is an intelligent logistics automation platform,2018
Sports Flashes Pvt. Ltd,Basketball,Seed,1000000.0,New Delhi,Sports Flashes operates a sports content app that provides sports news live scores fantasy gaming expert views trivia and more,2018
Inc42,Media And Entertainment,Seed,1300000.0,New Delhi,Inc42 is one of the leading tech media publications of India,2018
Picxy,Internet,Seed,130000.0,Guntur,A stock photo startup based in Amravati Andhra Pradesh,2018
Huddle,Consulting,Seed,300000.0,Haryana,A coworking incubator Company,2018
Benepik,Human Resources,Seed,1300000.0,Gurugram,HR Technology startup,2018
Cash Suvidha,Finance,Seed,1000000.0,New Delhi,Cash Suvidha is an Digital Lending Platform that provide working capital finance to SMEs and MSMEs in India,2018
Smartcoin,Big Data,Seed,2000000.0,Bengaluru,Providing financial access to the millions of mobile users in India using alternative credit assessment,2018
Carmel Organics,Agriculture,Series A,1300000.0,Indore,Carmel Organics is an Indiabased herb company engaged in sourcing processing and distributing herbal tea ingredients,2018
Roadcast,Logistics,Angel,250000.0,New Delhi,Transforming the way businesses deliver Workforce  fleet mobility tools,2018
Printline Media(Theprint),Digital Media,Seed,509540.0,New Delhi,A digital news platform,2018
Creditas Solutions,Financial Services,Seed,1300000.0,Gurugram,Creditas was setup in 2015 with an aim to help Financial Institutions find better ways to reach and interact with their customers,2018
Urbanpiper,Software,Seed,1300000.0,Bengaluru,UrbanPiper offers restaurants and chains with a suite of products to manage and analyze their online presence,2018
Doxper,Health Care,Seed,1051200.0,Mumbai,Doxper is Health tech startup which has created a digital pen and coded paper system for doctors to record patient information,2018
I2Ifunding,Crowdfunding,Angel,730000.0,Noida,i2ifunding is an online marketplace that connects borrowers looking for personal loans with investors looking for alternative investments,2018
Shakedeal,B2B,Seed,1300000.0,Bengaluru,Home of B2B Commerce,2018
Helloverify,Fraud Detection,Seed,1300000.0,Noida,HelloVerify is an online background check platform,2018
Fasal,Agriculture,Seed,120000.0,Bengaluru,Climate Smart Precision Agriculture Platform,2018
Coingeto,Cryptocurrency,Seed,1752000.0,New Delhi,CoinGeto is one of Indias most advanced digital assets exchange,2018
Avail Finance,Finance,Series A,17200000.0,Bengaluru,Avail is a mobilefirst platform aiming to financially include the urban mass of India,2018
Tripeur,Information Technology,Seed,600000.0,Bengaluru,Radical Travel Automation  Cloud Based Corporate Travel  Expense Management Software,2018
Wedeterna,Wedding,Angel,1300000.0,Bengaluru,Wedeterna is a newage personalised and fresh approach to arranged marriages DIY matrimonial community with only self created profiles,2018
Stumagz,Digital Media,Seed,1300000.0,Hyderabad,Stumagz is about connecting with Stories Stumagz is about collaborating with people Stumagz is about creating a Cult,2018
Doubtnut,E-Learning,Seed,511000.0,Gurugram,Gurgaon based Elearning platform,2018
Mcaffeine,Consumer Goods,Seed,467200.0,Mumbai,MCaffeine is Indias First Caffeine Infuse Personal Care Brand Its an extension to the hyperactive lifestyle and individualistic identity,2018
Trustcheckr,Information Technology,Angel,100000.0,Bengaluru,A Bengalurubased fraud analytics solution provider ,2018
Healthassure,Fitness,Seed,1000000.0,Mumbai,HealthAssure provides access to Discounted  High Quality primary care medical network,2018
Picture Time,Digital Entertainment,Seed,3650000.0,New Delhi,Operator of lowcost mobile cinema theatres in rural areas,2018
1Crowd,Crowdsourcing,Angel,3500000.0,Mumbai,Equity crowd funding platform focused on connecting investors with a host of extremely promising Indian startups and early stage ventures,2018
Aarav Unmanned Systems,Delivery,Seed,1300000.0,Bengaluru,Professional Drones for Enterprise Applications,2018
Wellthy Therapeutics Pvt Ltd,Health Care,Seed,1971000.0,Mumbai,Wellthy is a digital therapeutics company focused on improving patient health through the intersection of technology and clinical outcomes,2018
Nua,Consumer Goods,Seed,1300000.0,Mumbai,Nua is an ecommerce and feminine care brand platform focused on creating women care products,2018
Kuvera.In,Financial Services,Angel,250000.0,Bengaluru,An online platform for mutual fund investments,2018
Livehealth,Health Care,Seed,1100000.0,Pune,Livehealth is an endtoend collaborative report management solution We help you get your medical reports instantly from various health,2018
Gramophone,Farming,Seed,1000000.0,Indore,An agricultural inputs startup Company,2018
Ora,Business Travel,Seed,1300000.0,Kolkata,Ora is an online marketplace of unique accommodations Awarded as among top 3000 startups in India by IIM Kolkata,2018
Buddy4Study.Com,Career Planning,Series A,3000000.0,Noida,Buddy4Study is the best scholarship search engine for Indian students It also helps organizations to set up their own scholarship schemes,2018
Predible Health,Medical Device,Seed,1300000.0,Bengaluru,Healthcare devices for cancer detection,2018
Syncremedies Healthcare Pvt Ltd,Alternative Medicine,Seed,1300000.0,Bengaluru,Syncremedies is an Integrated Medicine service that brings together Allopathy Ayurveda and Homeopathy to treat chronic ailments,2018
Blueleaf Cyberspace Systems,Internet,Seed,1300000.0,Bengaluru,Bluleaf Cyberspace is Cloud Based Software Company,2018
Toffee Pvt Ltd,Insurance,Seed,1500000.0,Gurugram,Toffee is a bite size microevent  contextual insurtech startup which aims to dejargonise the insurance buying experience,2018
Oro Wealth,Financial Services,Series A,1600000.0,Mumbai,Online wealth management platform,2018
Healwell24,Dental,Seed,200000.0,Mumbai,HealWell24 is Indias emerging technologyempowered healthcare company aiming to bring worldclass quality healthcare services anywhere,2018
Acko General Insurance,Financial Services,Series A,12000000.0,Mumbai,Acko General Insurance is a digital insurance company in India that redefines insurance for the consumers,2018
Arzooo.Com,Consumer Electronics,Seed,219000.0,Bengaluru,Ecommerce website promising the best price on any product a consumer buys anywhere on the internet,2018
Bonphul Air Products,Cleantech,Angel,292000.0,New Delhi,A clean tech product Company,2018
Dheeyantra Research Labs,Artificial Intelligence,Seed,1300000.0,Bengaluru,DheeYantra is building a cognitive conversational chatbot platform by name dheeai for vernacular languages,2018
Edyoo,Education,Seed,1000000.0,Bengaluru,Edyoocom is a technology platform that offers the most intuitive design flexibility and ease of use,2018
Chtrbox,Advertising,Angel,146000.0,Mumbai,Chtrbox connects social media influencers with brands ,2018
Aashiyaan Housing And Development Finance,Financial Services,Seed,1971000.0,Kolkata,Provide housing finance to those in the informal sector enabling the hither to unserved to own a home of their own,2018
Betterplace Safety Solutions Pvt. Ltd.,Human Resources,Series A,3000000.0,Bengaluru,BetterPlace provides businesses with contractor workforce management including onboarding training and background checks,2018
Cashkumar,Consumer Lending,Seed,730000.0,Bengaluru,A P2P Lending Platform connecting millions of financially underserved  new to credit borrowers with investment savvy lenders in India,2018
Rocketium,Marketing,Seed,292000.0,Bengaluru,Easy video creation for social media,2018
Freightbazaar,Transportation,Seed,1300000.0,Hyderabad,FreightBazaarcom is an online platform that connects Truck suppliers with Truck users,2018
Open,Banking,Seed,1300000.0,Bengaluru,Open up to a new world of Banking,2018
Mfine,Health Care,Series A,4200000.0,Bengaluru,Hospital  Health Care Start up,2018
Earth Food,Food And Beverage,Seed,934400.0,Pune,Earth Food is a healthy Food Start Up,2018
Charcoal Eats,Food Processing,Seed,730000.0,Mumbai,Charcoal Eats aims to bring Dominos style standardisation,2018
Wishfie,Apps,Seed,1300000.0,Bengaluru,A platform for people to express their opinions in form of short videos around any topic,2018
The Social Hook,Marketing,Seed,1300000.0,Bengaluru,Fast growing Influencer Marketing platform in India,2018
Freightbro,Apps,Seed,1300000.0,Mumbai,Software for the newage freight,2018
Finwego,Financial Services,Seed,1300000.0,Chennai,Finwego partners with Small and Medium Businesses in India to offer convenient and responsible credit to their employees,2018
Cricnwin,Digital Entertainment,Seed,1300000.0,Gurugram,Cricnwin is a Gurugram  based Fan Engagement Platform,2018
Wicked Ride Adventure Services Private Limited,Automotive,Seed,10000000.0,Bengaluru,PeertoPeer motor vehicles sharing,2018
Career Anna,Commercial,Seed,584000.0,Bengaluru,Indias Go to Career Commerce Portal,2018
Eruditus Executive Education,Continuing Education,Series C,40000000.0,Mumbai,Eruditus promoted by Alumni of INSEAD and other top business schools delivers high quality executive education programmes,2018
Gaia Smart Cities,Smart Cities,Seed,1300000.0,Mumbai,Gaia Smart Cities is an early leader in the rapidlyemerging Internet of Things IoT marketplace,2018
Square Off,Internet Of Things,Seed,1100000.0,Mumbai,Delivering Imagination,2018
Urbanclap,Apps,Series D,50000000.0,New Delhi,UrbanClap is Indias leading managed marketplace for home services,2018
Hospals,Medical,Seed,1500000.0,New Delhi,Hospals is a medical tourism company,2018
Kogta Financial India Limited,Financial Services,Series B,22484000.0,Jaipur,Kogta Financial India Ltd is a retailfocused non banking financial company ,2018
Perspectico,Career Planning,Seed,1300000.0,New Delhi,An Education Management startup,2018
The Souled Store,Fashion,Seed,3000000.0,Mumbai,The Souled Store bring to you awesome tshirts framed prints badges notebooks coasters,2018
Hush - Speak Up. Make Work Better,Communities,Seed,657000.0,Bengaluru,Enabling diversity of opinions in organizations,2018
Drivezy,Automotive,Debt Financing,100000000.0,Bengaluru,Drivezy is Indias largest vehicle sharing platform which helps people turn their vehicles into earning members of their family,2018
Freyr Energy,Energy,Series A,1500000.0,Hyderabad,Freyr Energy is a company that provides full service solar provider based in Hyderabad India,2018
Niramai Health Analytix,Health Care,Seed,6000000.0,Bengaluru,NIRAMAI has developed a novel breast cancer screening solution that uses Thermalytix,2018
Cloudsek,Information Technology,Seed,2044000.0,Bengaluru,Cloudsek is an Infosec Risk assessment company which provides intelligence needed to tackle online threats,2018
Lendbox,Crowdfunding,Seed,876000.0,New Delhi,Lendbox is Indias leading peertopeer lending online lending platform,2018
Verloop,Customer Service,Series A,3000000.0,Bengaluru,Verloop is an automated customer support and engagement platform,2018
Flickstree,Advertising,Seed,1300000.0,Mumbai,Flickstree is a smart video content aggregator powered by Artificial Intelligence,2018
Paymatrix,Credit Cards,Seed,100000.0,Hyderabad,Indias Leading Property Rent management platform,2018
Idha Skin Clinic,Beauty,Seed,73000.0,Bengaluru,Idha skin clinic jayanagar is dedicated to restore health and natural beauty to your skin,2018
Incred,Banking,Private Equity,41900000.0,Mumbai,InCred Finance is a mumbaibased nonbanking financial company,2018
Vedantu,Edtech,Series B,11000000.0,Bengaluru,Vedantu provides personalized LIVE Online Tutoring Vedantu aims to democratize teaching by creating a marketplace of Teachers,2018
Sportido,Social Media,Seed,1300000.0,Noida,Sportido is a sports discovery app that helps you find people and places to play 700 sports around you,2018
Stelis Biopharma,Biopharma,Series B,100000000.0,Bengaluru,Stelis Biopharma is a vertically integrated biopharmaceutical company,2018
Magicpin,E-Commerce,Series C,20586000.0,Gurugram,Magicpin is a platform where users and merchants in a locality discover interact and transact,2018
Try & Buy,E-Commerce,Seed,1300000.0,New Delhi,Try  Buy,2018
Mech Mocha,Digital Entertainment,Series B,3530000.0,Bengaluru,Mech Mocha is a mobile gaming startup based in Bangalore working towards Making India Play ,2018
Aye Finance,Finance,Debt Financing,1051200.0,Gurugram,Aye Finance provides financial services to micro and small businesses in Northern India,2018
Aldopay,Mobile Payments,Seed,200000.0,Chennai,Mobile Wallet Focusing on hassle free checkout via Finger Print  OTP,2018
Detect Technologies,Artificial Intelligence,Series A,3300000.0,Chennai,Completely automated remote control system,2018
Signzy,Computer,Series A,3504000.0,Bengaluru,Signzy are creating building blocks for a Digital Trust system,2018
Cashrich,Apps,Seed,1000000.0,Mumbai,A Mumbaibased fintech startup,2018
Cloudnine Hospitals,Child Care,Private Equity,1300000.0,Bengaluru,Cloudnine is an Indian chain of women and child care hospitals,2018
Cropin Technologies,Agriculture,Series B,8468000.0,Bengaluru,To discover develop and deliver innovative solution in Agtech Space,2018
Billdesk,Finance,Seed,1300000.0,Ahmedabad,BillDesk a property of IndiaIdeascom Ltd was conceived in early 2000 to solve the frustrations of most of us when it comes to paying,2018
Yaantra,Information Services,Debt Financing,2000000.0,New Delhi,Yaantra Indias leading mobile phone repair refurbished  Unboxed centre In India,2018
Techbooze,Education,Seed,100000.0,New Delhi,Techbooze1 AN OPEN FORUM is an educational enterprise headquartered in India working across the country,2018
Healthifyme,Apps,Series B,6000000.0,Bengaluru,HealthifyMe is an application that allows its users to achieve their fitness and weight loss goals from their computers and smartphones,2018
Hoi Foods,Food And Beverage,Seed,525600.0,Gurugram,Indias first hotel dedicated food brand which promises great in room dining experience in budget hotels,2018
Perpule,Apps,Series A,4964000.0,Bengaluru,Perpule is a selfcheckout product for retail outlets to enhance the shopping experience of the customers,2018
Royal Sundaram General Insurance Co. Limited,Health Insurance,Corporate Round,210000000.0,Kalpakkam,Royal Sundaram provides comprehensive insurance plans and innovative insurance solutions to individuals families and businesses,2018
Cleansecar,Automotive,Angel,511000.0,Bengaluru,CleanseCar is a company provides Washing and Repair Services,2018
Driveu,Rental,Seed,1022000.0,Bengaluru,DriveU is a convenient and a quick way of getting on demand drivers for consumers and businesses,2018
Spinny,E-Commerce,Series A,11000000.0,Gurugram,Used cars marketplace in India Ushering new era of transparency and convenience,2018
Asset Reconstruction Company (India) Ltd.,Financial Services,Secondary Market,1300000.0,Mumbai,Asset Reconstruction Company India Ltd operates as a asset reconstruction company,2018
Med365 Healthcare,Health Diagnostics,Seed,730000.0,Jaipur,Wellness Specialised Testing Healthcare at Home,2018
Dunzo,Customer Service,Debt Financing,1022000.0,Bengaluru,Dunzo is an app that connects you with the nearest available delivery partner to pickup or deliver items for you,2018
Mobile Premier League (Mpl),Gaming,Series A,5000000.0,Bengaluru,Mobile Premier LeagueMPL is a skill based ESports platform where you can play your favourite mobile games and win real cash always,2018
Walmart India,Retail,Seed,37680000.0,Gurugram,WalMart India Private Limited is a wholly owned subsidiary of Walmart Stores Inc,2018
Cred,Fintech,Seed,1300000.0,Bengaluru,Cred is a platform to celebrate and reward the most creditworthy people of India,2018
Meesho,E-Commerce,Series C,50000000.0,Bengaluru,Meesho is an online reseller network of housewives and SMBs who sell products within their network on social channels,2018
Bhaskarguru,Search Engine,Seed,1000000.0,Bhopal,Bhaskargurucom is your local search Engine,2018
Gugu,Battery,Seed,250000.0,Coimbatore,Gugu designs  Sells all Electric Connected Twowheelers with Network of Open  Free Fast charging Stations across India,2018
Farmtaaza,Agriculture,Series A,1300000.0,Bengaluru,Farm Taaza provides expert advice to the farmers on improving the yield and improving the field operations of the farmer,2018
Vizzbee,Artificial Intelligence,Pre-Seed,20000.0,Bhopal,Autonomous Drone Solutions for last mile delivery as well as search and rescue,2018
Bigphi Technologies Pvt. Ltd.,Fashion,Angel,900000.0,Bengaluru,BIGPHI technologies is the Indias first technologically advanced apparel and wearable company,2018
Mobycy,Fitness,Angel,1300000.0,Gurugram,Indias 1st Dockless Bicycle Sharing App,2018
Traveo Soft Pvt. Ltd.,Mobile,Seed,17520.0,Bengaluru,AI based Business Travel  Expense management,2018
Em Personal Care,Cosmetics,Seed,1300000.0,Worli,Em Personal Care is a Cosmetic products manufacturing Company,2018
Lucideus,Consulting,Seed,5000000.0,New Delhi,Lucideus is a cybersecurity company that offers its customers with consultancy training and solutions to counteract cyberattacks,2018
Eupheus Learning,E-Learning,Seed,1300000.0,New Delhi,Eupheus Learning offers a seamless integrated learning solution for the K12 market in India,2018
Gamingmonk,Esports,Series A,584000.0,New Delhi,GamingMonk is an eSports gaming company based out of New Delhi India,2018
Sukkhi Jewellery,Fashion,Seed,7446000.0,Mumbai,Sukkhi Jewellery is a Contemporary fashion jewellery brand,2018
Indwealth,Financial Services,Seed,32120000.0,Gurugram,INDwealth is an Artificial Intelligence AI powered wealth management company,2018
Medikabazaar,B2B,Series A,5000000.0,Mumbai,Indias largest medical and surgical supplies marketplace,2018
Nira,Credit,Seed,1000000.0,Bengaluru,NIRA promotes financial inclusion by creating simple transparent products that empower individuals to live a life of choice and freedom,2018
Duroflex Pvt. Ltd.,Consumer Goods,Private Equity,22000000.0,Alleppey,Duroflex Pvt Ltd operates as a dominant mattress player,2018
Clensta,Biotechnology,Seed,1300000.0,New Delhi,A biotechnology startup was incorporated to improve the National Hygiene condition whilst addressing the aspect of water conservation,2018
Jetbrain Robotics,Health Care,Seed,70000.0,Gurugram,Jetbrain Robotics is Hong Kong  Gurgaon based company building advanced robotic transportation solutions for multi speciality hospitals,2018
Medimetry,Health Care,Seed,1300000.0,Haryana,MediMetry is an online platform where patients can consult specialists doctors online  from anywhere at anytime,2018
Healthkart,E-Commerce,Seed,10000000.0,Gurugram,The one stop shop for health fitness  beauty,2018
Indiabulls Ventures,Financial Services,Post-IPO Equity,224723200.0,Mumbai,Indiabulls Ventures Limited is one of Indias leading capital market companies providing securities and derivative broking services,2018
Vistara,Aerospace,Private Equity,292000000.0,Haryana,Vistara is a joint venture of Tata Sons Limited and Singapore Airlines Limited SIA,2018
Cleartax,Accounting,Series B,58400000.0,New Delhi,ClearTax India helps individuals prepare and efile their Income Tax Return online,2018
Shuttl,Apps,Debt Financing,1000000.0,Gurugram,Shuttl provides an appbased office shuttle service to make daily commute safe reliable affordable and dignified for everyone,2018
Guruq,Reading Apps,Seed,365000.0,New Delhi,A one of its kind digital integrated platform connecting tutors and students,2018
Azure Power,Energy,Post-IPO Equity,185000000.0,New Delhi,Azure Power produces and distributes solar power to commercial government and utility customers in India,2018
Cube,Banking,Series A,2044000.0,Mumbai,Cube is consumer banking focused fintech company,2018
Rahi Care,Health Care,Seed,1300000.0,Chandigarh,RAHI Care is a Health Care company,2018
Mynvax,Biotechnology,Angel,1300000.0,Bengaluru,Mynvax is a biotech Company,2018
Loans4Sme,Financial Services,Seed,1300000.0,Mumbai,Loans4SME is an alternative lending platform,2018
Upcyclerslab,Apps,Seed,1300000.0,Mumbai,UpCyclersLab is a startup that makes sustainabilitybased learning tools for children above the age of five,2018
Cellerite Systems,Electric Vehicle,Seed,1300000.0,Hyderabad,Cellerite Systems is a charging solutions provider for electric vehicles,2018
Taru Naturals,Agriculture,Seed,1300000.0,Mumbai,Taru Naturals is a network that connects farmer communities with clean technology and renewable energy,2018
Letsmd,Fitness,Seed,1000000.0,New Delhi,LetsMDcom is a marketplace for elective surgeries,2018
Twenty Two Motors,Automotive,Corporate Round,65000000.0,Haryana,Twenty Two Motors aim of making cutting edge EV technology affordable for the current generation,2018
Truebil,Automotive,Series A,2000000.0,Mumbai,Truebil is a team of young highly motivated professionals who strive to help you buy and sell used cars in the simplest way possible,2018
Farmersfz,Agriculture,Seed,1300000.0,Kochi,FarmersFZ is an online venture for fresh and safe vegetables and agri products,2018
Worxogo,Information Technology,Series A,2409000.0,Bengaluru,worxogos is a pioneering persuasive technology products align employee behaviours ,2018
Vivish Technologies (Mygate),Apps,Series A,9490000.0,Bengaluru,Indias leading mobile based security management solution ,2018
Singularity Dynamics,Artificial Intelligence,Seed,1300000.0,Bengaluru,Singularity Dynamics is a Chipdesign testing startup,2018
Virtual Metalstreet(Metalstreet),B2B,Angel,700000.0,Bengaluru,Virtual MetalStreetMetalstreet is a B2B marketplace for steel trading in India,2018
Veritas Finance,Financial Services,Seed,30000000.0,Guindy,Veritas Finance has been promoted with a primary purpose of meeting the working capital and business credit requirements of the small bus,2018
Manjushree Technopack,Packaging Services,Private Equity,1300000.0,Bengaluru,Manjushree Technopack is a Rigid plastics packaging convertor in India and South Asia,2018
Gozefo,Computer,Seed,3066000.0,Bengaluru,Startup working on a white space in the eCommerce industry,2018
Zomato,Food Delivery,Secondary Market,210000000.0,Gurugram,Zomato is a search app offering detailed information for restaurants as well as online food delivery,2018
Innov8 Coworking,Collaboration,Seed,4000000.0,New Delhi,Innov8 is a Y Combinator backed company that offers coworking and shared office spaces,2018
Revfin,Accounting,Seed,1300000.0,New Delhi,RevFin is a digital lending company,2018
Lavelle Networks,Cloud Computing,Seed,292000.0,Bengaluru,Lavelle Networks provides Software Defined WAN SDWAN Solutions to build end to end Enterprise Networking Platforms for tomorrow,2018
Blackbuck,Information Services,Series D,29632160.0,Bengaluru,Blackbuck is a logistics startup based in India,2018
Cardekho,Automotive,Series C,75000000.0,Gurugram,Cardekho is a car search venture that helps users buy cars that are right for them,2018
Elasticrun,Delivery,Series B,8760000.0,Pune,ElasticRun develops an online system that improves the reception of orders from customers and the dispatch of delivery drivers in India,2018
Droom Technology Private Limited,Automotive,Series E,30000000.0,Gurugram,Droom is a marketplace for automobiles and automobile services,2018
Vogo Rentals,Last Mile Transportation,Debt Financing,1168000.0,Kormangala,Vogo is a dockless scooter rental company in India which lets customers rent scooters for short one way trips,2018
Innerchef,Cooking,Seed,1760000.0,Gurugram,InnerChef is an online food discovery and delivery experience that will make the foodie in you come alive,2018
Livquik,Fintech,Corporate Round,2700000.0,Mumbai,LivQuik was incorporated with the vision to simplify payments for merchants and consumers in an increasingly digital world,2018
Disprz,E-Learning,Debt Financing,400000.0,Chennai,Disprz is a oneofitskind knowledgetech startup that strives to make people knowledgeable productive and smarter at what they do,2018
9Stacks,Online Games,Series A,4088000.0,New Delhi,Online gaming startup,2018
Origo,Agriculture,Seed,11680000.0,Gurugram,Origo Commodities a complete postharvest management services for agricultural commodities is the fastest growing company in its sector,2018
Yourownroom,Online Portals,Seed,750000.0,Bengaluru,Good quality strategically located homes closer to work for millennials,2018
Vahdam Teas,E-Commerce,Series B,2500000.0,New Delhi,Vahdam Teas is a vertically integrated onlinefirst tea brand that sources premium garden fresh teas direct from over 150 tea plantations,2018
Spoofin,Music,Seed,1300000.0,New Delhi,A social networking app that lets you create and view Spoofs of your favourite videos,2018
Strom Motors,Automotive,Angel,1300000.0,Mumbai,Strom Motors is a smart urban mobility Company,2018
Pharmeasy,Health Care,Series C,80000000.0,Mumbai,PharmEasy  Indias largest healthcare delivery platform,2018
Licious,Delivery Service,Series C,25000000.0,Bengaluru,Licious is an online meat and fish ordering startup that solves existing problem of finding safe delectable trustworthy fresh meat,2018
Stanza Living,Hospitality,Seed,10658000.0,New Delhi,Stanza Living is a coliving platform created for students moving to a new place,2018
Docturnal,Biotechnology,Seed,1300000.0,Hyderabad,Docturnal an online platform enables individuals to find information and diagnostic services related to diabetes cancer and more,2018
Bounce (Metro Bikes),Autonomous Vehicles,Debt Financing,3000000.0,Bengaluru,Bounce formerly Metro Bikes is an urban mobility solution that makes daily commute stressfree timesaving reliable and convenient,2018
Technology 9 Labs (T9L),Information Technology,Corporate Round,1300000.0,New Delhi,Technology 9 Labs is an Information Technology and Services company,2018
Goals101,Financial Services,Seed,3500000.0,New Delhi,Goals101 is a one of the fastest growing bigdata platforms,2018
Satya Microcapital,Finance,Seed,5840000.0,New Delhi,New Delhibased nonbanking financial company,2018
Ummeed Housing Finance Private Limited,Finance,Series C,8760000.0,Haryana,Ummeed Housing Finance Private Limited,2018
Stockedge,Analytics,Seed,1100000.0,Kolkata,StockEdge is a unique platform which is 100 focused on research and analytics,2018
Sequretek,Cyber Security,Seed,3700000.0,Mumbai,Sequretek is a cyber security startup,2018
Avenues Payments,Financial Services,Corporate Round,1300000.0,Mumbai,Avenues Payments is an IT solutions provider for the remittancemoney transfer and forex industries,2018
Qbera,Finance,Seed,2044000.0,Bengaluru,Qbera is a managed marketplace for unsecured personal loans,2018
Urban Ladder,E-Commerce,Debt Financing,5600000.0,Bengaluru,Urban Ladder is a Bangalorebased online furniture company,2018
Planet11,E-Commerce,Corporate Round,3796000.0,Bengaluru,Planet11 is backed by SK Planet which is a part of the SK Group  one of the largest conglomerates in South Korea,2018
Dailyninja,Apps,Series A,1300000.0,Bengaluru,Daily Ninja a mobile app that delivers daily needs on a subscription model,2018
Iba Halal Care,Beauty,Series A,2190000.0,Ahmedabad,Iba Halal Care is a cosmetics brand company,2018
Knocksense,News,Seed,1300000.0,Lucknow,Knocksense is a fast growing lifestyle website,2018
Togedr,Travel,Seed,1300000.0,Gurugram,Togedr is an activity discovery  booking platform,2018
Parkwheels,Industrial,Seed,175200.0,Haryana,Parkwheels aims at solving the big bad  unsexy parking problems of India,2018
Sharechat,Internet,Series C,99230000.0,Bengaluru,ShareChat is a social networking and regional content platform for the fast growing Internet users in India,2018
Cyclops Medtech,Health Care,Seed,1000000.0,Bengaluru,Medtech startup working on clinical and wearable diagnostic and rehab products for neuro vestibular disorders using eye tracking technology,2018
Livspace,E-Commerce,Series C,70000000.0,Bengaluru,Livspace is the new online shopping destination where you can design decorate and furnish your dream home,2018
Newsbytes,Apps,Seed,1000000.0,Gurugram,NewsBytes provides your everyday news in a contextual timeline to reduce information overload,2018
Leena Ai,Artificial Intelligence,Seed,2000000.0,Gurugram,Leena is smart AI powered HR companion dedicated towards engaging employees,2018
Max Healthcare,Health Care,Corporate Round,1300000.0,New Delhi,Max Healthcare is one of the leading chain of hospitals in India,2018
Gobolt,Logistics,Seed,5840000.0,New Delhi,Delhibased logistics technology,2018
Gogaga,Dating,Non-equity Assistance,40000.0,Bengaluru,GoGaga is a new age dating app that has removed the mindless swiping on strangers and connects users through their network and find matches,2018
Mate Labs,Artificial Intelligence,Seed,550000.0,Bengaluru,Mate Labs is a machine learning solutions platform for beginners,2018
Furlenco,Consumer,Series C,1300000.0,Bengaluru,Furlenco is a Bangalorebased company that offers a home furniture subscription program,2018
Ola,Apps,Seed,50000000.0,Kormangala,Ola is a mobile app that brings together cab drivers and customers using technology to make transportation hasslefree in India,2018
Docprime,Health Care,Funding Round,50000000.0,Haryana,DocPrime offers a onestop healthcare solution right at the comfort of patients homes,2018
Clp India Pvt. Ltd.,Energy,Private Equity,365000000.0,Mumbai,CLP India Pvt Ltd is a foreign investor in the Indian power sector,2018
Xplorabox,E-Commerce,Seed,1300000.0,Noida,Xplorabox is as an educational activity box subscription startup aiming to revolutionize the early education industry,2018
Myra,Apps,Seed,127750.0,Bengaluru,Myra is a unique solution of technology and operations that makes buying medicines fast and efficient,2018
Vokal,Internet,Series A,1500000.0,Bengaluru,Indias Largest PeertoPeer Knowledge Sharing Platform in Indian Languages,2018
Kissht,Credit,Series C,30000000.0,Mumbai,Kissht is a financial technology platform that enables instant seamless credit for consumers to make purchases at digital points of sales,2018
Upwards Fintech,Banking,Series A,5000000.0,Mumbai,Upwards Fintech financial company,2018
Bon(Bonfleet Solutions),Financial Services,Seed,1138800.0,Pune,Bon a Punebased FinTech firm was created to bring financial services to the gigeconomy workforce,2018
Mamaearth,E-Commerce,Series A,4000000.0,Gurugram,Mamaearth is an online retailer specializing in baby and toddler products,2018
Babychakra,Child Care,Series B,1300000.0,Mumbai,BabyChakra is Indias largest  most loved platform to discover the right maternity and childcare,2018
Belstar Investment And Finance Private Limited,Financial Services,Seed,28000000.0,Chennai,Belstar Investment and Finance Private Limited is a provider of scalable microfinance services to entrepreneurs,2018
Naaptol,E-Commerce,Seed,15000000.0,Mumbai,Koku Gamer is an online platform that offers gaming related news editorials reviews previews and other content,2018
Moonshine Meadery,Food And Beverage,Seed,1300000.0,Pune,Moonshine Meadery is a first craft meadery,2018
Verzeo,E-Learning,Series A,5000000.0,Bengaluru,Verzeo is anAIfocussed edtech startup,2018
Haazri,Food And Beverage,Seed,182500.0,Mumbai,Haazri is a tea and snack quick service restaurant startup,2018
Connect India,Delivery Service,Angel,1300000.0,New Delhi,To create pervasive network where connections are simpler more powerful more affordable more global and more available to all,2018
Flyrobe,Fashion,Series B,3854400.0,Mumbai,Flyrobe is an ondemand apparel rental platform that provides premium designer wear,2018
Scholify,Edutech,Pre-Seed,1300000.0,Bengaluru,Edutech,2018
Dream11,Fantasy Sports,Series D,100000000.0,Mumbai,Dream11 is Indias Biggest Sports Game with 30 million users playing Fantasy Cricket Football Kabaddi and NBA,2018
Srjna,Education,Seed,1300000.0,Jaipur,SRJNA is a brand of Elation Edtech Pvt Ltd which helps schools to integrate hands on affordable and turnkey STEM,2018
Nykaa,Beauty,Secondary Market,16498000.0,Mumbai,Nykaacom is a premier online beauty and wellness destination,2018
Chaayos,Food And Beverage,Series B,11826000.0,New Delhi,Chaayos was born in November 2012 out of this premise  a contemporary interpretation of the chai adda,2018
Heelium,Fitness,Seed,1300000.0,Pune,Heelium is an athletic footwear and wearable startup with primary focus on sports safety and sustainability,2018
Lt Foods,Food And Beverage,Post-IPO Equity,20440000.0,New Delhi,LT Foods believe that nature will continue to nurture us until we as a species continue to breathe and live,2018
Multibashi,E-Learning,Seed,146000.0,Bengaluru,Free language learning platform,2018
Cleardekho,Eyewear,Seed,1300000.0,Ghaziabad,Uttar Pradesh based online eyewear marketplace,2018
Dailyhunt,Information Technology,Series E,6000000.0,Bengaluru,NewsHunt is a Bangalore based eBooks company,2018
Slicepay,Fintech,Series A,14900000.0,Bengaluru,SlicePay is an AI based instant credit app for youngsters in India,2018
Udaan,B2B,Series C,225000000.0,Bengaluru,Udaan is a B2B trade platform designed specifically for small and medium businesses in India,2018
Happyeasygo Group,Tourism,Series A,1300000.0,Haryana,HappyEasyGo is an online travel domain,2018
Mombay,Food And Beverage,Seed,7500.0,Mumbai,Mombay is a unique opportunity for housewives to start household food business and avail everyone with their homemade healthy dishes,2018
Droni Tech,Information Technology,Seed,511000.0,Mumbai,Droni Tech manufacture UAVs and develop software to service a range of industry requirements,2018
Netmeds,Biotechnology,Series C,35000000.0,Chennai,Welcome to Indias most convenient pharmacy,2018
